{
  "config": {
    "data_root": "../dataset/Classical",
    "dataset": "breastw",
    "mode": "cross_domain",
    "source_datasets": [
      "breastw"
    ],
    "target_dataset": "wdbc",
    "test_size": 0.3,
    "random_state": 42,
    "use_multiscale": false,
    "n_scales": 3,
    "n_estimators": 1,
    "n_fold": 5,
    "use_scaler": true,
    "final_embedding_dim": 128,
    "constraintor_type": "residual",
    "num_residual_blocks": 3,
    "dropout_rate": 0.1,
    "estimator_type": "normal",
    "num_flows": 4,
    "num_ensemble_estimators": 3,
    "epochs": 1,
    "batch_size": 64,
    "lr": 0.001,
    "reg_weight": 0.0001,
    "num_workers": 4,
    "save_dir": "./results",
    "device": "cpu"
  },
  "auc": 0.37654320987654316,
  "ap": 0.029050270429580777,
  "test_scores": [
    1831004.0,
    2271913.25,
    2074687.5,
    2100337.0,
    2170924.25,
    2318387.5,
    1915635.125,
    2269497.5,
    2254406.5,
    2196691.75,
    2579665.5,
    2342689.0,
    2548139.75,
    2993410.5,
    2799202.5,
    2210623.5,
    2552720.25,
    2907639.5,
    2207676.5,
    2261053.5,
    2338183.75,
    2827838.0,
    2383637.75,
    2342549.0,
    3353667.5,
    2445121.75,
    2175022.0,
    3476658.5,
    2156801.75,
    2619453.5,
    2688846.0,
    2546780.25,
    2497487.5,
    2302399.5,
    2949850.25,
    2357105.75,
    2384643.0,
    2408995.5,
    2333554.0,
    2856255.75,
    2756327.0,
    2213144.0,
    2468899.25,
    2666867.5,
    2699112.25,
    2572633.5,
    2440617.75,
    2119605.0,
    2434665.0,
    2407353.0,
    2462670.5,
    3227244.5,
    2149683.5,
    2253514.75,
    2155291.0,
    2455911.0,
    3255611.25,
    2282359.75,
    3297026.5,
    2240316.5,
    2263447.0,
    2288545.0,
    2628140.75,
    2899358.25,
    2207145.75,
    2221818.5,
    2125086.25,
    2081889.75,
    2075382.375,
    2146241.25,
    2100395.0,
    2113641.5,
    1982676.25,
    2366560.5,
    2847686.5,
    2214359.5,
    2381551.75,
    2535020.25,
    2265964.0,
    2322667.0,
    2689842.25,
    2329307.25,
    2195478.25,
    2225606.75,
    2174252.75,
    2242279.75,
    2376853.75,
    2606347.25,
    2456086.75,
    2468372.75,
    2284478.25,
    2765886.75,
    2231612.5,
    2494006.5,
    2186508.5,
    3101591.5,
    2515806.5,
    2619081.0,
    2199130.0,
    2862317.75,
    2472034.0,
    2637401.25,
    2241170.75,
    2309352.0,
    2177803.0,
    2265933.0,
    2535895.25,
    2348113.25,
    2461730.25,
    2183005.0,
    2539419.25
  ],
  "test_labels": [
    1,
    0,
    0,
    0,
    0,
    0,
    0,
    0,
    0,
    0,
    0,
    0,
    0,
    0,
    0,
    0,
    0,
    0,
    0,
    0,
    0,
    0,
    0,
    1,
    0,
    0,
    0,
    0,
    0,
    0,
    0,
    0,
    0,
    0,
    0,
    0,
    0,
    0,
    0,
    0,
    0,
    0,
    1,
    0,
    0,
    0,
    0,
    0,
    0,
    0,
    0,
    0,
    0,
    0,
    0,
    0,
    0,
    0,
    0,
    0,
    0,
    0,
    0,
    0,
    0,
    0,
    0,
    0,
    0,
    0,
    0,
    0,
    0,
    0,
    0,
    0,
    0,
    0,
    0,
    0,
    0,
    0,
    0,
    0,
    0,
    0,
    0,
    0,
    0,
    0,
    0,
    0,
    0,
    0,
    0,
    0,
    0,
    0,
    0,
    0,
    0,
    0,
    0,
    0,
    0,
    0,
    0,
    0,
    0,
    0,
    0
  ],
  "experiment_time": "2025-12-17T09:37:34.808024"
}