{
  "config": {
    "data_root": "../dataset/Classical",
    "dataset": "breastw",
    "mode": "cross_domain",
    "source_datasets": [
      "breastw"
    ],
    "target_dataset": "wdbc",
    "test_size": 0.3,
    "random_state": 42,
    "use_multiscale": false,
    "n_scales": 3,
    "n_estimators": 1,
    "n_fold": 5,
    "use_scaler": true,
    "final_embedding_dim": 128,
    "constraintor_type": "residual",
    "num_residual_blocks": 3,
    "dropout_rate": 0.1,
    "estimator_type": "normal",
    "num_flows": 4,
    "num_ensemble_estimators": 3,
    "epochs": 1,
    "batch_size": 64,
    "lr": 0.001,
    "reg_weight": 0.0001,
    "num_workers": 4,
    "save_dir": "./results",
    "device": "cpu"
  },
  "auc": 1.0,
  "ap": 1.0,
  "test_scores": [
    6083.02294921875,
    781.86279296875,
    749.2379150390625,
    991.9053955078125,
    833.90966796875,
    919.071044921875,
    3246.708251953125,
    679.6799926757812,
    793.759765625,
    672.2657470703125,
    864.8017578125,
    1631.5250244140625,
    1167.080810546875,
    1694.1300048828125,
    790.5361328125,
    1084.3914794921875,
    722.0707397460938,
    929.038818359375,
    1096.2474365234375,
    873.8875732421875,
    1374.3551025390625,
    1405.2237548828125,
    903.8271484375,
    10795.5947265625,
    768.2706298828125,
    711.0770263671875,
    970.726318359375,
    1672.9251708984375,
    718.2147216796875,
    908.6881103515625,
    733.635009765625,
    702.1689453125,
    636.7926025390625,
    830.6773681640625,
    1539.2818603515625,
    806.6351318359375,
    686.3622436523438,
    1336.1495361328125,
    1069.5736083984375,
    1204.2315673828125,
    1434.9124755859375,
    1077.4527587890625,
    6302.701171875,
    837.080322265625,
    953.33251953125,
    1000.1005859375,
    1153.2196044921875,
    1336.8551025390625,
    808.8485107421875,
    1233.3182373046875,
    1555.9207763671875,
    1038.597900390625,
    802.0262451171875,
    1045.2325439453125,
    1274.5921630859375,
    798.730712890625,
    1175.6470947265625,
    952.0775146484375,
    3807.16015625,
    996.310546875,
    952.5755615234375,
    1658.4937744140625,
    980.970947265625,
    1009.7757568359375,
    1133.6309814453125,
    728.7449340820312,
    784.1153564453125,
    1237.5333251953125,
    832.5479736328125,
    833.5745849609375,
    913.2845458984375,
    890.085693359375,
    1161.657470703125,
    905.6964111328125,
    837.6119384765625,
    817.234130859375,
    1031.0836181640625,
    1669.2960205078125,
    767.373291015625,
    1203.2042236328125,
    1029.143798828125,
    742.6972045898438,
    938.071533203125,
    1002.67041015625,
    689.3716430664062,
    729.4048461914062,
    813.3575439453125,
    915.619873046875,
    1443.9344482421875,
    786.97705078125,
    753.81884765625,
    1289.9942626953125,
    911.997314453125,
    845.18115234375,
    1200.8494873046875,
    1380.9039306640625,
    769.4762573242188,
    594.5770263671875,
    790.4437255859375,
    1554.8875732421875,
    728.9927978515625,
    690.053466796875,
    909.717529296875,
    912.4793701171875,
    763.7262573242188,
    1007.46240234375,
    800.5382080078125,
    739.1236572265625,
    697.2435302734375,
    843.8760986328125,
    792.2833251953125
  ],
  "test_labels": [
    1,
    0,
    0,
    0,
    0,
    0,
    0,
    0,
    0,
    0,
    0,
    0,
    0,
    0,
    0,
    0,
    0,
    0,
    0,
    0,
    0,
    0,
    0,
    1,
    0,
    0,
    0,
    0,
    0,
    0,
    0,
    0,
    0,
    0,
    0,
    0,
    0,
    0,
    0,
    0,
    0,
    0,
    1,
    0,
    0,
    0,
    0,
    0,
    0,
    0,
    0,
    0,
    0,
    0,
    0,
    0,
    0,
    0,
    0,
    0,
    0,
    0,
    0,
    0,
    0,
    0,
    0,
    0,
    0,
    0,
    0,
    0,
    0,
    0,
    0,
    0,
    0,
    0,
    0,
    0,
    0,
    0,
    0,
    0,
    0,
    0,
    0,
    0,
    0,
    0,
    0,
    0,
    0,
    0,
    0,
    0,
    0,
    0,
    0,
    0,
    0,
    0,
    0,
    0,
    0,
    0,
    0,
    0,
    0,
    0,
    0
  ],
  "experiment_time": "2025-12-16T20:37:25.983258"
}