{
  "config": {
    "data_root": "../dataset/Classical",
    "dataset": "breastw",
    "mode": "cross_domain",
    "source_datasets": [
      "breastw"
    ],
    "target_dataset": "pima",
    "test_size": 0.3,
    "random_state": 42,
    "use_multiscale": false,
    "n_scales": 3,
    "n_estimators": 1,
    "n_fold": 5,
    "use_scaler": true,
    "final_embedding_dim": 128,
    "constraintor_type": "residual",
    "num_residual_blocks": 3,
    "dropout_rate": 0.1,
    "estimator_type": "normal",
    "num_flows": 4,
    "num_ensemble_estimators": 3,
    "epochs": 1,
    "batch_size": 64,
    "lr": 0.001,
    "reg_weight": 0.0001,
    "num_workers": 4,
    "save_dir": "./results",
    "device": "cpu"
  },
  "auc": 0.545432098765432,
  "ap": 0.3841009030459554,
  "test_scores": [
    1990999.875,
    1841161.875,
    1903351.5,
    1890772.875,
    1858949.875,
    1842118.375,
    2048510.625,
    1880851.625,
    1989520.75,
    1803772.875,
    1843201.625,
    2421973.75,
    1845854.625,
    1779531.375,
    2195667.0,
    1986725.875,
    2322393.0,
    1826847.875,
    2556703.5,
    2003606.625,
    2105398.5,
    1947469.375,
    1879479.125,
    1997419.75,
    2265745.0,
    1964745.5,
    1834460.625,
    1978859.375,
    2058012.5,
    1908776.125,
    2208524.75,
    1898552.875,
    1828679.375,
    1980084.25,
    2483895.75,
    2109767.75,
    1972121.125,
    2010411.125,
    2244600.5,
    2468479.75,
    1873312.375,
    2193909.0,
    2227430.0,
    1890106.25,
    1927935.25,
    2148769.5,
    1962362.25,
    2021475.875,
    2348054.5,
    1878589.625,
    1824890.25,
    1841802.625,
    1901847.125,
    1890132.75,
    1948443.5,
    1914658.125,
    2034095.125,
    2403539.25,
    1924483.0,
    2098675.5,
    1954970.875,
    1924998.125,
    2088798.625,
    2060167.625,
    1869827.625,
    1704593.125,
    1916258.625,
    1761539.625,
    1908431.5,
    1841597.375,
    1787117.875,
    1830096.75,
    1780951.125,
    1861475.875,
    2079400.625,
    2040188.0,
    1882344.625,
    1913869.75,
    1764866.25,
    1918486.75,
    1839905.75,
    1746952.625,
    1920778.125,
    1732422.0,
    1780355.125,
    1887599.875,
    1905728.75,
    2037732.875,
    2297515.0,
    1906806.5,
    2342332.75,
    1965758.375,
    1873640.125,
    2358423.75,
    1879007.25,
    1892139.125,
    1748633.25,
    1968474.625,
    1843237.75,
    1901581.625,
    2061450.375,
    1910222.25,
    1856240.0,
    1868913.375,
    1808164.25,
    1952470.375,
    1816103.5,
    1807804.125,
    1801891.0,
    2343976.25,
    1889252.125,
    1901660.125,
    1703753.375,
    1806646.625,
    1970469.875,
    1917798.625,
    1869449.75,
    1820871.125,
    1898211.875,
    2144506.5,
    2024530.125,
    1992304.0,
    1834636.875,
    2096464.875,
    2335272.0,
    1837716.25,
    1988839.375,
    1817103.5,
    2242251.25,
    1804039.5,
    1857811.125,
    1823975.0,
    1953314.375,
    1785395.625,
    1798539.25,
    1924990.5,
    1963944.25,
    1876653.875,
    1886506.875,
    1966107.75,
    1822341.25,
    2121802.25,
    1965388.125,
    1874933.625,
    2295433.25,
    2079960.125,
    1906601.875,
    2010710.375,
    1865067.375,
    2003743.625,
    1961362.25,
    1996675.875,
    2146938.5,
    1795836.375,
    1828273.375,
    1959740.125,
    1931828.375,
    2229858.25,
    1928295.625,
    1912656.125,
    2093867.375,
    1991849.875,
    2252810.0,
    2354713.25,
    2299447.75,
    1918804.0,
    1813971.5,
    1941328.0,
    2334484.0,
    2073684.375,
    2173109.5,
    1834625.75,
    2005500.125,
    1825033.625,
    2007479.125,
    2078920.875,
    1784123.125,
    1912538.125,
    2333874.0,
    2016553.875,
    1965430.375,
    1882258.75,
    2042161.625,
    1931291.125,
    2203619.5,
    1857087.25,
    2324713.75,
    1913104.75,
    1756102.5,
    2347247.25,
    1788983.875,
    1908880.125,
    1887319.75,
    1708780.375,
    1879166.875,
    1812367.125,
    1934204.375,
    1897466.75,
    1832994.75,
    1719759.25,
    1904160.375,
    1885520.5,
    1962332.375,
    1778375.125,
    1853259.75,
    1895947.0,
    1835696.125,
    1933704.5,
    2468998.5,
    1967392.5,
    2007877.25,
    1824250.875,
    1924600.125,
    1840745.375,
    1974637.5,
    2144302.0,
    1887202.75,
    1833695.625,
    1841412.0,
    1925841.875,
    1926276.5,
    2052205.5,
    1818040.125,
    2118718.0,
    1875153.125,
    1800358.125,
    2005988.5,
    1839721.0,
    1896980.375,
    2145835.5,
    1755747.875
  ],
  "test_labels": [
    1,
    1,
    1,
    1,
    1,
    0,
    0,
    0,
    0,
    0,
    0,
    0,
    0,
    0,
    1,
    1,
    1,
    0,
    0,
    0,
    0,
    0,
    0,
    0,
    0,
    0,
    1,
    1,
    0,
    0,
    1,
    1,
    0,
    0,
    0,
    1,
    0,
    1,
    0,
    0,
    0,
    1,
    0,
    0,
    0,
    1,
    0,
    1,
    0,
    0,
    0,
    0,
    1,
    0,
    1,
    1,
    0,
    1,
    1,
    1,
    0,
    0,
    1,
    1,
    0,
    0,
    0,
    0,
    0,
    0,
    1,
    1,
    0,
    0,
    0,
    1,
    1,
    0,
    1,
    0,
    0,
    0,
    0,
    0,
    0,
    0,
    1,
    1,
    1,
    0,
    1,
    1,
    0,
    1,
    1,
    0,
    1,
    0,
    1,
    0,
    0,
    0,
    1,
    1,
    1,
    0,
    0,
    0,
    0,
    0,
    1,
    1,
    1,
    1,
    0,
    0,
    0,
    0,
    0,
    1,
    0,
    1,
    1,
    0,
    1,
    0,
    1,
    0,
    1,
    0,
    0,
    0,
    0,
    0,
    1,
    1,
    0,
    0,
    0,
    1,
    1,
    1,
    0,
    1,
    1,
    0,
    0,
    0,
    1,
    0,
    0,
    1,
    0,
    0,
    1,
    0,
    1,
    0,
    0,
    0,
    0,
    1,
    0,
    0,
    0,
    0,
    0,
    1,
    1,
    0,
    0,
    1,
    0,
    0,
    0,
    1,
    1,
    0,
    0,
    0,
    1,
    0,
    0,
    1,
    1,
    0,
    0,
    0,
    0,
    0,
    0,
    0,
    0,
    0,
    0,
    0,
    0,
    1,
    0,
    0,
    0,
    0,
    0,
    1,
    0,
    0,
    1,
    0,
    0,
    0,
    0,
    0,
    1,
    0,
    0,
    0,
    1,
    0,
    0,
    0,
    0,
    1,
    0,
    0,
    1,
    0,
    0,
    0,
    0,
    1,
    1
  ],
  "experiment_time": "2025-12-17T09:43:31.258360"
}