{
  "config": {
    "data_root": "../dataset/Classical",
    "dataset": "breastw",
    "mode": "cross_domain",
    "source_datasets": [
      "breastw"
    ],
    "target_dataset": "wdbc",
    "test_size": 0.3,
    "random_state": 42,
    "use_multiscale": false,
    "n_scales": 3,
    "n_estimators": 1,
    "n_fold": 5,
    "use_scaler": true,
    "final_embedding_dim": 128,
    "constraintor_type": "residual",
    "num_residual_blocks": 3,
    "dropout_rate": 0.1,
    "estimator_type": "normal",
    "num_flows": 4,
    "num_ensemble_estimators": 3,
    "epochs": 2,
    "batch_size": 64,
    "lr": 0.001,
    "reg_weight": 0.0001,
    "num_workers": 4,
    "save_dir": "./results",
    "device": "cpu"
  },
  "auc": 1.0,
  "ap": 1.0,
  "test_scores": [
    7056.2626953125,
    926.6993408203125,
    726.3511962890625,
    780.0543212890625,
    920.1094970703125,
    1033.679443359375,
    3220.30908203125,
    984.4102783203125,
    1266.4261474609375,
    1012.5115966796875,
    861.95556640625,
    1444.2686767578125,
    994.22900390625,
    1283.2723388671875,
    632.4332275390625,
    791.017333984375,
    984.808837890625,
    792.28759765625,
    958.1533203125,
    1063.1514892578125,
    1092.16552734375,
    985.161376953125,
    1096.1300048828125,
    14168.4453125,
    624.6845092773438,
    673.254150390625,
    823.4873046875,
    1085.9637451171875,
    995.1614990234375,
    829.6680908203125,
    1125.8450927734375,
    677.0230712890625,
    714.5819702148438,
    881.9593505859375,
    1100.885986328125,
    831.970703125,
    941.490966796875,
    1046.326416015625,
    1241.3709716796875,
    923.7352294921875,
    848.184814453125,
    990.030517578125,
    7020.7451171875,
    729.0194091796875,
    701.732177734375,
    1287.5208740234375,
    1024.693603515625,
    1426.2105712890625,
    823.7115478515625,
    1093.1002197265625,
    1185.0135498046875,
    678.34326171875,
    1070.0921630859375,
    1254.5987548828125,
    964.7081298828125,
    756.25244140625,
    770.1866455078125,
    880.88720703125,
    4119.74658203125,
    1192.113037109375,
    847.39697265625,
    1328.0748291015625,
    934.18212890625,
    842.553466796875,
    1310.5120849609375,
    1181.8516845703125,
    782.7730712890625,
    945.2645263671875,
    1294.8970947265625,
    979.93310546875,
    627.540771484375,
    1094.321044921875,
    868.4287109375,
    1199.5513916015625,
    558.62158203125,
    817.1624755859375,
    879.640380859375,
    1212.6727294921875,
    1002.8660888671875,
    1464.3331298828125,
    703.9986572265625,
    641.7963256835938,
    843.760009765625,
    1162.258544921875,
    810.3858642578125,
    934.2791748046875,
    763.1048583984375,
    820.880859375,
    1294.9276123046875,
    900.1768798828125,
    742.75439453125,
    1029.5980224609375,
    975.441650390625,
    689.109375,
    1496.1778564453125,
    1248.0504150390625,
    705.6378784179688,
    610.5658569335938,
    1177.5189208984375,
    1094.0166015625,
    824.9132080078125,
    870.419921875,
    1260.4302978515625,
    1316.5545654296875,
    1244.0018310546875,
    1268.3748779296875,
    963.63427734375,
    941.2176513671875,
    1101.176513671875,
    1086.1328125,
    830.7825927734375
  ],
  "test_labels": [
    1,
    0,
    0,
    0,
    0,
    0,
    0,
    0,
    0,
    0,
    0,
    0,
    0,
    0,
    0,
    0,
    0,
    0,
    0,
    0,
    0,
    0,
    0,
    1,
    0,
    0,
    0,
    0,
    0,
    0,
    0,
    0,
    0,
    0,
    0,
    0,
    0,
    0,
    0,
    0,
    0,
    0,
    1,
    0,
    0,
    0,
    0,
    0,
    0,
    0,
    0,
    0,
    0,
    0,
    0,
    0,
    0,
    0,
    0,
    0,
    0,
    0,
    0,
    0,
    0,
    0,
    0,
    0,
    0,
    0,
    0,
    0,
    0,
    0,
    0,
    0,
    0,
    0,
    0,
    0,
    0,
    0,
    0,
    0,
    0,
    0,
    0,
    0,
    0,
    0,
    0,
    0,
    0,
    0,
    0,
    0,
    0,
    0,
    0,
    0,
    0,
    0,
    0,
    0,
    0,
    0,
    0,
    0,
    0,
    0,
    0
  ],
  "experiment_time": "2025-12-16T20:34:11.634493"
}