{
  "config": {
    "data_root": "../dataset/Classical",
    "dataset": "breastw",
    "mode": "cross_domain",
    "source_datasets": [
      "breastw",
      "pima"
    ],
    "target_dataset": "wdbc",
    "test_size": 0.3,
    "random_state": 42,
    "use_multiscale": false,
    "n_scales": 3,
    "n_estimators": 1,
    "n_fold": 5,
    "use_scaler": true,
    "final_embedding_dim": 128,
    "constraintor_type": "residual",
    "num_residual_blocks": 3,
    "dropout_rate": 0.1,
    "estimator_type": "normal",
    "num_flows": 4,
    "num_ensemble_estimators": 3,
    "epochs": 2,
    "batch_size": 64,
    "lr": 0.001,
    "reg_weight": 0.0001,
    "num_workers": 4,
    "save_dir": "./results",
    "device": "cpu"
  },
  "auc": 1.0,
  "ap": 1.0,
  "test_scores": [
    8202.1708984375,
    979.3272094726562,
    787.3941040039062,
    934.7905883789062,
    1025.3338623046875,
    1003.0015258789062,
    4364.9951171875,
    769.2014770507812,
    1333.5279541015625,
    937.2557983398438,
    974.6614379882812,
    2105.100830078125,
    918.5792846679688,
    1809.796142578125,
    789.5181274414062,
    1119.22314453125,
    1074.067138671875,
    730.7523803710938,
    769.9307250976562,
    924.4456176757812,
    1628.07666015625,
    1289.4547119140625,
    999.8765258789062,
    16467.8203125,
    665.9111328125,
    578.5912475585938,
    877.4154663085938,
    1470.7508544921875,
    826.7433471679688,
    572.16015625,
    1095.782958984375,
    699.7078247070312,
    759.8186645507812,
    767.2011108398438,
    1442.0328369140625,
    702.3914184570312,
    933.6762084960938,
    893.7579956054688,
    1081.43701171875,
    1337.6044921875,
    980.2470092773438,
    773.5065307617188,
    8479.142578125,
    869.3578491210938,
    1006.2590942382812,
    946.1294555664062,
    981.8137817382812,
    1419.0904541015625,
    986.5602416992188,
    1062.6470947265625,
    1388.0540771484375,
    891.6614379882812,
    1102.003173828125,
    1035.082275390625,
    1108.3916015625,
    859.6089477539062,
    998.5973510742188,
    767.1604614257812,
    5133.814453125,
    906.2311401367188,
    906.6543579101562,
    1787.205078125,
    1289.0704345703125,
    1121.9794921875,
    1463.7607421875,
    1203.1165771484375,
    615.5843505859375,
    1333.1285400390625,
    1056.077392578125,
    1109.944091796875,
    819.7254028320312,
    1058.925048828125,
    1497.5966796875,
    926.4761352539062,
    705.7868041992188,
    840.9701538085938,
    960.8980102539062,
    1036.40478515625,
    903.1104125976562,
    1305.7183837890625,
    839.3009643554688,
    831.2831420898438,
    914.2604370117188,
    1081.4461669921875,
    666.5928955078125,
    738.5462036132812,
    914.6714477539062,
    624.8170776367188,
    1023.8312377929688,
    1061.5189208984375,
    696.1384887695312,
    1014.2781372070312,
    731.8622436523438,
    739.8838500976562,
    1477.501953125,
    1397.3096923828125,
    892.3231811523438,
    561.8074951171875,
    1058.0279541015625,
    1474.88134765625,
    813.4700317382812,
    632.6387329101562,
    1533.30126953125,
    1467.711181640625,
    1103.476806640625,
    1058.3414306640625,
    732.7168579101562,
    797.6331176757812,
    1175.3265380859375,
    1192.5472412109375,
    718.7625122070312
  ],
  "test_labels": [
    1,
    0,
    0,
    0,
    0,
    0,
    0,
    0,
    0,
    0,
    0,
    0,
    0,
    0,
    0,
    0,
    0,
    0,
    0,
    0,
    0,
    0,
    0,
    1,
    0,
    0,
    0,
    0,
    0,
    0,
    0,
    0,
    0,
    0,
    0,
    0,
    0,
    0,
    0,
    0,
    0,
    0,
    1,
    0,
    0,
    0,
    0,
    0,
    0,
    0,
    0,
    0,
    0,
    0,
    0,
    0,
    0,
    0,
    0,
    0,
    0,
    0,
    0,
    0,
    0,
    0,
    0,
    0,
    0,
    0,
    0,
    0,
    0,
    0,
    0,
    0,
    0,
    0,
    0,
    0,
    0,
    0,
    0,
    0,
    0,
    0,
    0,
    0,
    0,
    0,
    0,
    0,
    0,
    0,
    0,
    0,
    0,
    0,
    0,
    0,
    0,
    0,
    0,
    0,
    0,
    0,
    0,
    0,
    0,
    0,
    0
  ],
  "experiment_time": "2025-12-16T20:17:39.534718"
}