{
  "config": {
    "data_root": "../dataset/Classical",
    "dataset": "breastw",
    "mode": "cross_domain",
    "source_datasets": [
      "breastw"
    ],
    "target_dataset": "wdbc",
    "test_size": 0.3,
    "random_state": 42,
    "use_multiscale": false,
    "n_scales": 3,
    "n_estimators": 1,
    "n_fold": 5,
    "use_scaler": true,
    "final_embedding_dim": 128,
    "constraintor_type": "residual",
    "num_residual_blocks": 3,
    "dropout_rate": 0.1,
    "estimator_type": "normal",
    "num_flows": 4,
    "num_ensemble_estimators": 3,
    "epochs": 2,
    "batch_size": 32,
    "lr": 0.001,
    "reg_weight": 0.0001,
    "num_workers": 4,
    "save_dir": "./results",
    "device": "cpu"
  },
  "auc": 1.0,
  "ap": 1.0,
  "test_scores": [
    10975.7978515625,
    927.8644409179688,
    795.9396362304688,
    853.6998901367188,
    1078.960205078125,
    743.6688842773438,
    6036.423828125,
    634.2149047851562,
    1130.4716796875,
    907.1170043945312,
    894.8292846679688,
    3425.770751953125,
    829.7080688476562,
    2227.281982421875,
    1089.1510009765625,
    1557.642822265625,
    1023.7051391601562,
    1002.4249877929688,
    817.7655639648438,
    847.8329467773438,
    2643.001708984375,
    1641.9329833984375,
    818.5794067382812,
    20774.408203125,
    756.3941040039062,
    833.9104614257812,
    799.0603637695312,
    2297.983642578125,
    726.7882690429688,
    756.0845336914062,
    956.5468139648438,
    900.9359741210938,
    1032.0784912109375,
    754.1170043945312,
    2673.038818359375,
    660.3378295898438,
    668.2843627929688,
    1219.396728515625,
    791.9248657226562,
    2027.023193359375,
    1223.7752685546875,
    647.8031005859375,
    11313.9990234375,
    1104.2401123046875,
    1386.6041259765625,
    808.9512329101562,
    697.2957153320312,
    976.8648071289062,
    991.5006713867188,
    1029.9498291015625,
    1815.302734375,
    1332.506591796875,
    957.6450805664062,
    659.5005493164062,
    1659.869873046875,
    826.6033325195312,
    1599.7454833984375,
    711.7681274414062,
    6807.51708984375,
    562.2437744140625,
    931.6521606445312,
    2518.664306640625,
    1631.0313720703125,
    1646.373291015625,
    1127.0966796875,
    1168.5238037109375,
    676.0324096679688,
    2027.144775390625,
    873.2177124023438,
    986.2383422851562,
    1014.2804565429688,
    851.6791381835938,
    2139.9677734375,
    813.0670776367188,
    1295.76318359375,
    941.8734741210938,
    784.2925415039062,
    1201.968994140625,
    637.1016845703125,
    768.1502075195312,
    1002.9329223632812,
    902.9863891601562,
    905.6609497070312,
    870.9794311523438,
    883.0923461914062,
    706.4111938476562,
    780.6254272460938,
    553.182861328125,
    807.7359008789062,
    971.5885620117188,
    708.5984497070312,
    922.4122924804688,
    711.1577758789062,
    567.4312744140625,
    976.2973022460938,
    1623.72216796875,
    1195.6180419921875,
    682.1190795898438,
    868.9744262695312,
    2196.187744140625,
    679.5648803710938,
    585.0613403320312,
    1446.358154296875,
    1441.101806640625,
    876.9902954101562,
    769.3052368164062,
    626.3550415039062,
    594.5958862304688,
    1068.3104248046875,
    1143.2633056640625,
    537.4067993164062
  ],
  "test_labels": [
    1,
    0,
    0,
    0,
    0,
    0,
    0,
    0,
    0,
    0,
    0,
    0,
    0,
    0,
    0,
    0,
    0,
    0,
    0,
    0,
    0,
    0,
    0,
    1,
    0,
    0,
    0,
    0,
    0,
    0,
    0,
    0,
    0,
    0,
    0,
    0,
    0,
    0,
    0,
    0,
    0,
    0,
    1,
    0,
    0,
    0,
    0,
    0,
    0,
    0,
    0,
    0,
    0,
    0,
    0,
    0,
    0,
    0,
    0,
    0,
    0,
    0,
    0,
    0,
    0,
    0,
    0,
    0,
    0,
    0,
    0,
    0,
    0,
    0,
    0,
    0,
    0,
    0,
    0,
    0,
    0,
    0,
    0,
    0,
    0,
    0,
    0,
    0,
    0,
    0,
    0,
    0,
    0,
    0,
    0,
    0,
    0,
    0,
    0,
    0,
    0,
    0,
    0,
    0,
    0,
    0,
    0,
    0,
    0,
    0,
    0
  ],
  "experiment_time": "2025-12-16T16:45:08.371455"
}