{
  "config": {
    "data_root": "../dataset/Classical",
    "dataset": "breastw",
    "mode": "cross_domain",
    "source_datasets": [
      "pima"
    ],
    "target_dataset": "breastw",
    "test_size": 0.3,
    "random_state": 42,
    "use_multiscale": false,
    "n_scales": 3,
    "n_estimators": 1,
    "n_fold": 5,
    "use_scaler": true,
    "final_embedding_dim": 128,
    "constraintor_type": "residual",
    "num_residual_blocks": 3,
    "dropout_rate": 0.1,
    "estimator_type": "normal",
    "num_flows": 4,
    "num_ensemble_estimators": 3,
    "epochs": 2,
    "batch_size": 64,
    "lr": 0.001,
    "reg_weight": 0.0001,
    "num_workers": 4,
    "save_dir": "./results",
    "device": "cpu"
  },
  "auc": 0.9898705096073517,
  "ap": 0.9812854578912934,
  "test_scores": [
    1708.6126708984375,
    1220.8067626953125,
    1709.6314697265625,
    1220.8067626953125,
    9412.6953125,
    2031.5863037109375,
    1695.5972900390625,
    2590.901123046875,
    1250.5989990234375,
    2672.372314453125,
    23183.01953125,
    1725.9910888671875,
    1220.8067626953125,
    1264.2852783203125,
    1858.4969482421875,
    2743.80859375,
    1577.5875244140625,
    2917.582763671875,
    1667.4674072265625,
    1294.0345458984375,
    13682.3876953125,
    11066.9072265625,
    1705.2864990234375,
    13008.3720703125,
    1253.354736328125,
    17755.6640625,
    1681.2391357421875,
    1658.9307861328125,
    1457.6820068359375,
    1656.8975830078125,
    1156.722900390625,
    1933.4652099609375,
    1744.4791259765625,
    1828.6185302734375,
    1457.6820068359375,
    15206.8896484375,
    1577.5875244140625,
    28548.07421875,
    1708.6126708984375,
    1760.4703369140625,
    22190.97265625,
    14388.8525390625,
    17415.4375,
    1128.2227783203125,
    17591.275390625,
    2380.7080078125,
    11166.76953125,
    1369.69921875,
    12626.73046875,
    22081.73046875,
    1828.6185302734375,
    1411.1187744140625,
    5038.70166015625,
    1677.8721923828125,
    2031.5863037109375,
    2591.03076171875,
    14096.2705078125,
    1247.3309326171875,
    1148.1929931640625,
    16597.7265625,
    34295.5625,
    2543.2421875,
    1934.0250244140625,
    1033.594970703125,
    1574.6319580078125,
    16136.9853515625,
    1247.97607421875,
    1868.2322998046875,
    1687.0404052734375,
    27052.90234375,
    1066.8516845703125,
    1658.9307861328125,
    23585.251953125,
    1148.1929931640625,
    2805.50830078125,
    14290.9345703125,
    1917.7735595703125,
    1305.6810302734375,
    15550.5654296875,
    891.3355102539062,
    1148.1929931640625,
    1733.3560791015625,
    1148.1929931640625,
    1148.1929931640625,
    2315.263916015625,
    1220.8067626953125,
    905.9158325195312,
    2769.2880859375,
    1562.852294921875,
    27431.373046875,
    1033.6019287109375,
    26492.669921875,
    1033.6019287109375,
    14057.8369140625,
    1033.5933837890625,
    1929.5428466796875,
    6494.15087890625,
    11664.869140625,
    1505.100341796875,
    1624.1956787109375,
    14824.3994140625,
    1709.6314697265625,
    1250.5989990234375,
    2422.3115234375,
    12130.7490234375,
    16743.2265625,
    1010.7372436523438,
    12559.916015625,
    1929.5509033203125,
    13841.3701171875,
    1681.2391357421875,
    1457.6820068359375,
    1033.6019287109375,
    1070.8114013671875,
    1440.1055908203125,
    1369.69921875,
    1524.1236572265625,
    1744.4791259765625,
    1819.5633544921875,
    21850.1328125,
    1311.9007568359375,
    1148.1929931640625,
    1264.2852783203125,
    11921.2861328125,
    1929.5509033203125,
    1033.6019287109375,
    23393.06640625,
    10861.794921875,
    1250.5989990234375,
    1708.6126708984375,
    9752.7783203125,
    27576.40234375,
    1827.0848388671875,
    3878.03759765625,
    1708.6126708984375,
    14948.3603515625,
    1033.6019287109375,
    1122.8974609375,
    1629.7469482421875,
    28451.560546875,
    21041.47265625,
    1828.6185302734375,
    1250.5989990234375,
    1972.7279052734375,
    18651.98046875,
    16100.6708984375,
    2732.2373046875,
    15985.0029296875,
    1427.31396484375,
    15585.5205078125,
    9599.0302734375,
    2380.7080078125,
    14657.6767578125,
    1588.8538818359375,
    1819.5633544921875,
    1972.7279052734375,
    2031.5863037109375,
    1457.6820068359375,
    13949.0224609375,
    26819.46484375,
    19369.75390625,
    24398.43359375,
    1220.8067626953125,
    18812.92578125,
    2712.770751953125,
    10864.302734375,
    5002.53759765625,
    1369.69921875,
    1274.0047607421875,
    1882.0074462890625,
    1725.9827880859375,
    9106.2275390625,
    2321.3798828125,
    1694.2701416015625,
    2380.7080078125,
    1705.2864990234375,
    21543.046875,
    3726.81982421875,
    34762.046875,
    1934.0260009765625,
    9712.3876953125,
    17335.443359375,
    5879.37255859375,
    13185.38671875,
    27206.15234375,
    10844.4912109375,
    1378.2926025390625,
    20248.11328125,
    18323.24609375,
    13165.08984375,
    21412.705078125,
    1033.594970703125,
    2229.203369140625,
    9701.6484375,
    1044.018798828125,
    9520.1982421875,
    1340.7181396484375,
    8117.12353515625,
    5873.78759765625,
    1708.6121826171875,
    12919.8408203125,
    18273.837890625,
    1457.6917724609375,
    1457.6917724609375,
    1411.1373291015625
  ],
  "test_labels": [
    0,
    0,
    0,
    0,
    0,
    0,
    0,
    0,
    0,
    0,
    1,
    0,
    0,
    0,
    0,
    0,
    0,
    0,
    0,
    0,
    0,
    1,
    0,
    1,
    0,
    1,
    0,
    0,
    0,
    0,
    0,
    0,
    0,
    0,
    0,
    1,
    0,
    1,
    0,
    0,
    1,
    1,
    1,
    0,
    1,
    0,
    1,
    0,
    1,
    1,
    0,
    0,
    0,
    0,
    0,
    0,
    1,
    0,
    0,
    1,
    1,
    1,
    0,
    0,
    0,
    1,
    0,
    0,
    0,
    1,
    0,
    0,
    1,
    0,
    0,
    1,
    0,
    0,
    1,
    0,
    0,
    0,
    0,
    0,
    0,
    0,
    0,
    0,
    0,
    1,
    0,
    1,
    0,
    1,
    0,
    0,
    1,
    1,
    0,
    0,
    1,
    0,
    0,
    0,
    1,
    1,
    0,
    1,
    0,
    1,
    0,
    0,
    0,
    0,
    0,
    0,
    0,
    0,
    0,
    1,
    0,
    0,
    0,
    1,
    0,
    0,
    1,
    1,
    0,
    0,
    1,
    1,
    0,
    1,
    0,
    1,
    0,
    0,
    0,
    1,
    1,
    0,
    0,
    0,
    1,
    1,
    0,
    1,
    0,
    1,
    0,
    0,
    1,
    0,
    0,
    0,
    0,
    0,
    1,
    1,
    1,
    1,
    0,
    1,
    0,
    1,
    1,
    0,
    0,
    0,
    0,
    1,
    1,
    0,
    0,
    0,
    1,
    0,
    1,
    0,
    1,
    1,
    0,
    1,
    1,
    1,
    0,
    1,
    1,
    1,
    1,
    0,
    0,
    1,
    0,
    1,
    0,
    1,
    1,
    0,
    0,
    1,
    0,
    0,
    0
  ],
  "experiment_time": "2025-12-16T20:18:27.688510"
}